{
    "episode_rewards": [
        -13.017110055331969,
        5.9082605511176265,
        9.683367103853556,
        4.698118152536667,
        9.769679734174922,
        13.050434303910457,
        63.51340758314805,
        18.58690831514981,
        1.759294113444751,
        20.195861965400802,
        28.789744571198632,
        22.29912136108306,
        5.441977813193642,
        11.41227430308636,
        13.302376394809816,
        9.623771313581486,
        13.941599132514,
        9.097427651453206,
        2.126433171932291,
        8.849286393636017
    ],
    "episode_lengths": [
        249,
        38,
        41,
        39,
        40,
        49,
        83,
        60,
        51,
        77,
        55,
        57,
        132,
        42,
        46,
        49,
        52,
        41,
        65,
        48
    ],
    "value_losses": [
        0.2249267730398111,
        0.6458584893690912,
        0.9524705700758027,
        1.0709793076683314,
        1.2771744303405286,
        1.0771416960930338,
        1.218723318303924,
        1.1688073073824248,
        1.0826760548002579,
        1.013628046620976,
        0.7983123047785325,
        0.7133682974075016,
        0.636194169747107,
        0.5253115828548159,
        0.40717987780985626,
        0.4394576446134217,
        0.44625817898374337,
        0.4111074743474402,
        0.350547076188601,
        0.3649510033428669
    ],
    "policy_losses": [
        0.5014554670297477,
        0.5959581858233401,
        0.521145480798512,
        0.4543204775605446,
        0.3929013453423977,
        0.24694864356852309,
        -0.008661708312041789,
        -0.29408402492602664,
        -0.43436916654600816,
        -0.6538732194087722,
        -1.0020637653090738,
        -1.2076295807696225,
        -1.4277558326721191,
        -1.8011660405567713,
        -1.874066023722939,
        -2.0047920650365403,
        -2.1861628064742455,
        -2.2734153270721436,
        -2.5196120207126325,
        -2.556798964738846
    ],
    "collision_counts": [
        1,
        1,
        1,
        1,
        1,
        1,
        1,
        1,
        1,
        1,
        1,
        1,
        1,
        1,
        1,
        1,
        1,
        1,
        1,
        1
    ],
    "target_reached": [
        false,
        false,
        false,
        false,
        false,
        false,
        false,
        false,
        false,
        false,
        false,
        false,
        false,
        false,
        false,
        false,
        false,
        false,
        false,
        false
    ],
    "distance_to_target": [
        